{"cameraMode":{"drawMode":0,"name":"Shaded","section":"Shading Mode"},"sceneLighting":true,"audioPlay":false,"sceneViewState":{"showFog":true,"showMaterialUpdate":false,"showSkybox":true,"showFlares":true,"showImageEffects":true,"showParticleSystems":true},"in2DMode":false,"pivot":{"x":-28.520000457763673,"y":1.8191684484481812,"z":3.686156988143921},"rotation":{"x":0.10927815735340119,"y":0.6016361117362976,"z":-0.08355685323476792,"w":0.7868370413780212},"size":1.9747297763824463,"orthographic":false}